Source_id,Sentence_en
1,we can also write a java program and and and and and.
2,"""and i have i in the, of the, of the lord, and in heaven: for this is in heaven: for the lord of the lord, and the, of god."""
3,"then, i will go into the first.. click on it. click on it."
4,"the first fields of the first fields of the string, string, 1, 1, 1, 1, 1, 1"
5,"""and when he had called the, of the,, the,,,,,, the, of"
6,"we, we have learnt how to identify the the.."
7,child has kindness on you all.
8,it helps to be used for of and and.
9,"""and when the,,,, the,, and the,, and the,, and the,, and the,, and the, of the."""
10,"""this is also used in the one of, in one,, one is one with the one of"
11,you both book book.
12,sageaternal grandfather grandfather..
13,"go to the the go to the right-down, click on the top right and click on the.."
14,the on the tab and the dialog box dialog box dialog box.
15,click-click on the link-up-down.
16,"here, the have is the the the the the the.."
17,"""the helps of the body, the body, the body, in the body,"
18,those two are chariers.
19,"apache, mysql and php obtained through xampp5,5 and"
20,"here, we can see the our of our book."
21,these two souls.
22,1. what are part:
23,"we can also, we can we can create a rectangle.."
24,""" the back to the the with the floor with the ground."
25,"""the is a in heaven is a in heaven, the, in a year,, and, in a year, of"
26,you can also learn about various and and and and and.
27,doors in the forest.
28,boy displays affection in you.
29,"""i have been called in the, of the,, and the, and and and the, and and the in the world."""
30,"in this tutorial, i will type: windows windows system."
31,"to create category,,,"
32,place the soldiers and drag the..
33,i will select the thezzzz and and and and select the image.
34,"then, let us change the back to the page."
35,plants are plants of plants and plants.
36,"""but now ye be called,,,,,, of god: but ye may not be with you."""
37,"""it is different of of in different in different in different and and in different in in different in of"
38,"""and when he had, the,, and the,, and the, and the, and the, and the, and all the lord of god."""
39,"""it is a a small of of the the,, the the,, the the the the the"
40,to create
41,write the - for for example.
42,"""the munara from the and and and and and and and,,, and,, and, and, and and and and"
43,thus this we come to the end of this tutorial.
44,and their values and their values.
45,"""havinging the magazine."
46,"after the contents, write write to: eg.g.."
47,"for more details, please write to contact@spoken-tutorial.org"
48,let’s have the the the the of the the...
49,"next, when i will to the the, i will using the.."
50,"""and all the all things, and, and and and and the and and the and and and the and and the."""
51,welcome to meet the gimp.
52,let’s have to the the of of the class.
53,let's see the code of of the..
54,"as we can see, we have created a new category."
55,"now, let us see how to a new.."
56,sage is hearing of the son of.
57,we all must cloth.
58,"i, i have to add a method,, the the the the the the the the by clicking on the"
59,• you practice the minute minute with normal breathing.
60,"""and it came to pass, in the, of the,, and and the the."""
61,"in the search bar, in the search bar."
62,press enter enter.
63,let us change the constructor.
64,let’s see a rectangle. let us summarize.
65,"""they the that the the and and the and and and and the are used in between them."
66,"""an-ho:: one who is in the form of the world in the form of"
67,"if you do not have good bandwidid, you download and watch it."
68,maintain the the of with normal breathing with normal breathing with normal breathing.
69,""" the left leg at the hands at the arms and and the the the the the the the"
70,let's change the to to change the new class.
71,this creates of sheses..
72,is hiding the..
73,right-click on the drop-click on the tool box.
74,here is a problem here.
75,we will learn to the end of this tutorial.
76,"""and when they had,,,,, and, and, and, and, and, and, and the."""
77,"so, let us display the to to the.."
78,let’s see how to create a new library.
79,theief of the..
80,which expel's??
81,"""for there is no cause in the,, in the: for a certain man, and the,,"
82,"""while inhaling, raise the hands, the the,, the the, the the and the the"
83,"we, let us comment the checkoutreturn.."
84,the teacher will be a story.
85,"""but god hath god,,,, in heaven, and the,, and the, of god."""
86,explain the the of for tools and dance and and in the
87,4. the plants part of the plants from the plants
88,"to do so, i will click on the icon and click on it."
89,we have created a rectangle.
90,sita was a in sita of sita.
91,"let us summarize in this tutorial, we have learnt how to create an object."
92,"""and it came to pass, in the,,,, and the,,,, and the,, and the,, and the,, and the,, and the, and the, of god."""
93,"""for this tutorial, we have learnt about the and and, in the,, in the,, in the,,,, and,, and the.""."""
94,let us see how to synaptic synaptic package manager.
95,these are are used used to or one of.
96,"click on the link link, click on the new link."
97,which is a man?
98,she iss.
99,"for example, 'n'' is a 'n'' or 'c''"
100,"however, we have learnt how to of the and and and and and and and in the.."
101,"""and they they had heard the, of the,: and they was not the,, and the, of the,"
102,"""for we we have learnt of our own our own our body."
103,"""and he spake unto them, he went unto them."""
104,"""and he said unto unto them, and,,,,,, and,, and the,, and the,, and."""
105,let us go to the file folder.
106,""" asanas sitting breathing practices the breathing, breathing, breathing, breathing."
107,these two are..
108,the is everywhere.
109,boyake cut in the..
110,who are those two??
111,click on the the at the bottom of the page.
112,you both theing..
113,"""and it came to pass, in the,,,,, and."""
114,there are there are there are the..
115,let us now add a new frontaccounting in frontaccounting. we can add a new..
116,we will learn about about the in this tutorial.
117,now press enter. type: type. press enter. press enter.
118,we can also a string functions of variables variables.
119,"next, i will add the method as the."
120,"""but it is be a, of the,, of the,, and the, of the, of the, of the, of the, of god."""
121,"butever, we write the equal to,, to see the user.."
122,"now, we can look at the error.."
123,"""and the the of of the,, the first;"""
124,we can see that the can to change the can be a..
125,it is also used to the a user of which we have learnt to:
126,you two are thinkers.
127,what is vict??
128,let's save the terminal. let’s see it is true.
129,"in the field field field, field field,8,88888888"
130,let’s see some common lines.
131,this completes of the body in the body.
132,"how to know how to create a mvid in the, in the order?"
133,create the color of the circle and and and white of red colour.
134,create a java account and manage as:
135,let’s come here. let’s come here.
136,a... it is a...
137,here we can see see that the the command of the command.
138,select the password password password password..
139,it’s is the the the the and and and and and the the the the the the..
140,"we can also, we can see, we can see the."
141,we both must think.
142,you can see a javaer.
143,and you should do the the.
144,• keep the legs out the head out of the ground.
145,"""it is of the,, is called,,,, the, of the.""."""
146,krishna will be the the..
147,i have selecteded by defaultation.
148,spoken tutorial project is a part of the spoken tutorial project.
149,the spoken tutorial project.
150,"""and jesus came to pass, and went into the city, and, and, and, and, and the and the and the."""
151,go to the browser and open your system.
152,you can also can access a rectangle.
153,and gives both the the..
154,more information on this mission is available at this link.
155,"however, internet explores with a software software, avsided, it causes it causes it causes."
156,"type at the command prompt, type: and press enter. press enter."
157,let us see what final name is final..
158,know about the music of music and sun of
159,keep the spine straight.
160,"""for i i the,,,,,,,,,,,,,,,,, and,, and the, of god."""
161,"""the are also used in different in,,,,,,,,,,,,,,,,,,,,,,,,,,"
162,"""for when i have not the,, but but they shall not be,, but they shall not be,, but they shall not be,, but they shall not be"
163,i am pray..
164,let's have an array of variables variables and and variables.
165,we have have the first of the first..
166,it is a is a of a class.
167,• the both the the the the the in the in the the..
168,we can see that seddemodemo.txtdemo.
169,"""and when they had heard the, of the,,,, and the,, and the,, and the, and the, and the, and the"
170,explain the music of folk songs songs
171,"so, i switch to the the to the the"
172,"to create a mi, publ099999999999"
173,"""then jesus saith unto jesus, and said unto him, and said unto him."""
174,"""for the the of god, the, of god, and the, of god, and the, of god,"
175,let us see how to see how to.
176,let us close the dialog box and close the dialog box.
177,it summarizes the spoken tutorial project.
178,then i select the the as the as it is displayed in the variable.
179,father read shloka.
180,she is cooking in food.
181,welcome to the spoken tutorialtutorial.
182,"then, we will see the user user, we can see the course and and and and the course."
183,that is a friend.
184,"thebed browss like the,,s, thes, thes, the the the the the.."
185,"now, if the printf statement of the program program of the program of the program."
186,"""foring of the heart of the heart of the heart of the, of the heart."
187,write the the of for biine.
188,"so, i will select the option."
189,"""and it is written by the,,,,,,,,,,,, of the, of"
190,you can practice this practice with a minute with normal to 3 minute.
191,"spoken tutorial project is a part of the spoken tutorial project is supported by nmeict, mhrd, government of india."
192,the spoken tutorial project team conducts workshops using spoken tutorials.
193,"""and he said unto him, but i say unto you, but i say unto you: but they shall not be in heaven: but they shall not be the, of god."""
194,""" he he he was in the, he is in the world."
195,fold the right leg and the right from the right heel.
196,boyबालक.
197,feel the steps of in different in of
198,"""and when he had up the,, and,, and, and and the,, and the.""."""
199,"so, i switch a layer mask and and the and and and and and the can see that the can see the can see the can see the lines."
200,"""and:: one: one who is the the of of"
201,it’s have used for some of with normal breathing.
202,let us now create a structure.
203,that is a...
204,""" was no longer in the.."
205,"""for ye yourselves unto you, that ye may be in the, of god: but ye shall not be in the: and the shall not be able to him,"
206,this is because that there is not visible.. we can see that is not visible.
207,now press ctrl + ctrl + ctrl + e and and and the the..
208,select click on select tool tool.
209,i may fight the friend.
210,"""while your eyes, you, yourself,,,,,,,,,,"
211,"now, let us invoke the the to print the method."
212,click on the and and select the select the top..
213,how to help how to how to use the the..
214,frontaccounting and and and2 and2..
215,identify guidel and salesationalational
216,a new page is a the.
217,"""then jesus said unto him,,,,,,,,,,, to the disciples?"""
218,boy has friendship on those all.
219,notice that the is is used for the default.
220,"""and, behold, behold, and,,,,,,,,,,,,,,,,,,,,,,,,,,,, and,, and,, and,, and."""
221,"for example, you can see typing typing of typing typing."
222,child has kindness on you all.
223,i will change the field as 15.
224,"""and i have not the, of the,, and the, of god: and the shall not be able to the, of the lord,"
225,bhimadas is is the the
226,this completes a one of to one or one of.
227,explain the the that the are true to in the
228,"""and he saith unto him, saying, saying, the, of god; and he that is in heaven."""
229,"type at the prompt prompt, type: and press enter and press enter."
230,"""and when they had,,,,,,,,,,,,,,,,,,,,,, the, of the"
231,"""and when he had,,,, and the.""."""
232,you you you ?
233,the next page is page by default next..
234,those two two daughtavas..
235,"here, the first is is the for the structure.."
236,"""for that ye may be, of you, that ye may be with you, that ye may be with you,"
237,it is no is not possible of
238,"""and when came to pass, in the,, and and the,, and the,, and, and the, and the, and the, of the, and"
239,"""it the whole body, all the body,"
240,"""towing from theing from soil,,, to expha and and exhaations."
241,it is a a nularular in front of the body.
242,greater than jilya is equal to to.
243,in between the you?
244,"we can see, we can see a new library. we can. we can.."
245,feel the the in the in the in the..
246,let us give the the of of our body.
247,"""someinging is a,,,,,,,, in the,,,,,, and,,,,,,,,,,,,,,,,,,,"
248,keep the the the icon in the top of the window.
249,change the subclasscine parameters.
250,"when you increase the the, the the the the the."
251,"""and there was in a certain,,,,, and and and the, and and and and and the and and and and and and and and the and and and the and and the and and the and and the of of the, and and and the and and the and and and the"
252,these two are chariot..
253,"however, you should have familiared with the library."
254,"""and when he was the, of the, of the,, and the, of the: and he was not the, of the, of the, of the, of the, of heaven."""
255,i will i will leave the to the the..
256,you will be familiared.
257,"""hadh::: one from the, of the;"""
258,"then, click on the tab tab."
259,let us learn how to create a line.
260,"""for i bear you, you, that ye may come to you."""
261,a new page opens up.
262,"it is also used to to create a a,,,,,, a web browser."
263,"for example, we have a string with a string with a string."
264,those two are..
265,save the the the file name.
266,type type enter.
267,"""theying of the are called in the,,,,, and and the"
268,it is also used to humans and and.
269,do the process of theá-ká or ‘ááá.
270,"""and when they had heard the, of the,, and the, of the, of the, of the, of the,,"
271,"""and jesus came to the disciples, and said unto him, saying,"
272,change the value as the as shown as shown.
273,let's open the terminal.
274,"now, let us add a string to to of the structure of the structure."
275,"""theanayama is a in a small position of the,, in the,, in the,, in the,, in the,, is a,."""
276,you walked in the garden.
277,let us start a look with a minute..
278,"""and when they had heard,,,,,,,,,,,,,,,,,,,,, and the,, and the,, and the,, and the, and and the and the and and the and and the and and the."""
279,it's have a look at this image.
280,"to follow this tutorial, we learnt using:"
281,but but i think it is but it is but it is but it is called and and and i i it’s it here.
282,"however, do not able to do any objects."
283,"so, this tutorial, we have a string."
284,to create a web browser and a web web and and web browser.
285,let us see at the code code.
286,"""2.. the the, of the,,,,,,,,, and, and,"
287,"""and jesus said unto him, and said, him, saying, and said unto you, and the,, and, and,, and, and?"""
288,explain the final position:
289,"""and jesus came to pass, the,, and the,, and the,, and the, and the,"
290,"now, let us save the code and now the run the program."
291,"go to the menu, go to the folder and and and and."
292,"""and it is written, the,,,,, and the,, and the,, and the,, and the, of heaven."""
293,and let’s see it.
294,rama is a in a light..
295,"""and jesus came to pass, and,, and, and, and, and, and, and, and, and the, and"
296,"then, let us learn about the.."
297,"in the drop-down, the from the sequence of the sequence."
298,"the first of thes, the and and ands and."
299,"""in we we have,, we are of the,,, and, and and, and and our body is called in our body."""
300,move move the mouse to move it.
301,"""and there was a in between a certain between between a certainer."
302,exhale the the in the minute with the minute.
303,"now, let us come out out from the layer mode. we can change the stroke stroke."
304,"""then the of of of the, of the, of the, of the, of"
305,scroll down and scroll down and click on save button button.
306,"select the select the tool, select the select, select the select.."
307,"""and he said unto them, he went unto them,"
308,it has also in you..
309,"""and i say unto the,,,,,,,,,,,,,,,,,,,,,,,, in heaven,"
310,"""and he said unto him, the, of the, of the, of the, of the, of the, of the, of the, of the, of god."""
311,and choose the application.
312,"""the is is is a a is a a,, but it is not be a,, but it is not be a to"
313,let us create a set using the company..
314,"now, let us go to to to convertxxi.."
315,there are are there are a...
316,"""it theing of the and and and and and and the.."
317,stretch the right leg at the arms at the arms.
318,"""and the therefore, the,, and the,, and the and and the"
319,"""while the arms, the the arms, the the"
320,sage sage sage came in the...
321,"""for my father, my father, and my father."
322,those two are.ers.
323,"""while theinging theing theing theing theing of the lungs."
324,we we have learnt about our of of our body.
325,"now, the the the.."
326,i will leave it to the the of the program.
327,select the bond-box.
328,less than equal to e..
329,let us learn how to fill and and and stroke..
330,this is because this is for this statement.
331,"as an assignment, it is be true, it will be true. it will be true."
332,"now, let us see how to operator."
333,""" should have not have humansed in the"
334,as we have declared the final variable of the final variable. as i will type.
335,"now i have finished in the image, you can go to the the and i will switch back to the.."
336,"this is because the code of this tutorial. we can see the the, then we will see the to the the.."
337,all all the the the..
338,"now, let us add the method. we will see the to the."
339,click on the icon in the left menu and click on the..
340,"""but they said unto,,,,,,,,,,,,, and the,."""
341,"""and when he was a, of the, of the, and the and the and the"
342,we can see that the method of the class of the class of the class.
343,char and plants is used to grow and plants.
344,"for example, we we can add the result."
345,samha:: one
346,boy saw boys.
347,"""and he came unto them, he went into the jews, and,, and, and."""
348,"""and when he was in heaven, and the,, and the,, and the,, and the, and the, and the, and the, and the."""
349,i will i will type the as as as....
350,"""fcarya is used in the,,,,,, and and and,, and and"
351,i will leave the code as i..
352,"we, we have the output as an error.."
353,this it is a to to the the of this tutorial.
354,"now, let us try the these layers."
355,you both must think.
356,"likewise, click on the and and then click on properties."
357,click on the drop-down drop down. the the the the..
358,"and when you see see the lines, the these lines are printed.."
359,"""the theing, you should be aed with you."
360,the fruit of the thes..
361,it ises in the..
362,these are are are are many in of in ancient..
363,click on the drop-down box..
364,"change not, change the changes."
365,"""it is to be used to maintain to maintain with the and and and and and and and and the."
366,"""and he said unto him, how to do this man?"""
367,type the value as nit;
368,list of this lesson:
369,"""for the are of of the, of the, of the, of the, of the, of the lord of god;"""
370,"spoken tutorial project is funded by nmeict, mhrd, government of india."
371,"now, inside the terminal line, type:"
372,"select the mouse menu, select the menu and select the.."
373,you can use all options options.
374,"""and when i say unto you,,,,,,,,,,,,,,,,,,, and,,,,,,, and the,, and, and the,, and the, and"
375,"the theififif,, the,,, the,, and and and."
376,"i will select the selection tool, i will select thezzzzzzzer."
377,boy displays compassion in them.
378,devoteesersers to the..
379,to create an assignment:
380,"""the is is is of of the is is of the world."
381,there are are are in in the..
382,"in the main menu, choose the menu."
383,"""then the the,, the,,,,,, the"
384,"""and when they had not,,,,,,, and the,, and the,, and the,, and and the, and, and and the and and and the and and the and and the."""
385,as we we we have the the the the..
386,this is because the value of the value is true.
387,"to create acqu,"
388,"to change the file from the file, select the and and and select the.."
389,it is also used in the most of in the
390,let me clear this image.
391,a new page window opens.
392,boy displays affection in you.
393,what you you study study?
394,we can see that how to access a static method.
395,"""this is also, the,, the,,,,, and the, of the,."""
396,"here, we can see the the in the in the in the"
397,we have created a rectangle and and and and and and and and and
398,now we can see that the variables and and method.
399,"""and when he was in the,,, and the,, and the,, and the, of the.""."""
400,you can see the saturation here and and and the saturation.
401,let's see the end of this tutorial.
402,"""having the mother of the mother."
403,in the ‘irefox ‘’fox ‘’’ 'x'
404,"this is our head, our website is.."
405,let uss
406,you walked fast.
407,and it is not equal to
408,it isii isical musicalicalicalicalicalicalicalical..
409,"""for all things that the the, and the, and the, and the, and the, and the, and the, and the, and the in heaven;"""
410,"butever, if you want to change the, if you want to see the i will i will leave it."
411,"then type the ""jj ""j"".""""."
412,that is a..
413,you both muster..
414,"""and it cameeded, and, and and and and and and and the and and and and and the and and and and and"
415,"""theying of the the of of the, of the, of the, of"
416,and import-click on the drop-up..
417,"""for we we, we have,,,, we have,,,,,,, and the, of the, of the,, and of the."""
418,click on calculus course and click on the button and click on save..
419,"""and when they had heard the,,,,,,, and the,,, and the,, and the,, and the,,"
420,"to create a new class,,,, type to create a new.."
421,then click click on add new button button.
422,there are there in the the..
423,"in this tutorial, we will learn how to create a preferences tab."
424,"let, let's look at the end of the page."
425,"""for i i say unto you, that i say unto you, that i am,,,,,,,,,,,,,,,,,,,,,,,,,,,,,,,,,,,,,,,,,,,"
426,why what is the??
427,bhimaitha..
428,"""for i i say unto you, but i will not be but: but i will not in the truth."""
429,terminal questions
430,"from the drop-down, select-box."
431,it is a is one of the one of.
432,"""and ye therefore unto you, that ye may be in you."""
433,"""and it came to pass, a certain,, and,, and,, and,, and,, and,, and,, and, and, and, and the, and"
434,for assignment assignment:
435,let’s a look.
436,the spoken tutorial project team conducts workshops using spoken tutorials.
437,modify the command command:
438,you can also learn to to of the and the..
439,you can also used a small small or a small or a small..
440,note that you should be familiar to to or an object..
441,the teacher the teacher.
442,"""and the the of the, of the, of the,, and the not be in the, of god."""
443,let's open 'intint.. nint.
444,"""and he saith unto him, the, of the, of the,?"
445,• the the the the and thread and thread the the
446,"""and when jesus, and, and, and and and and and the and and the and and the.""."""
447,what what what?
448,"""and jesus saith unto,,,,,,,,,,,,,,,,,,,,,"
449,change the resolution to 75.
450,"""but if they were pass, in the words,"
451,"to open the terminal by pressing the terminal, alt and t keys simultaneously."
452,we both must believe.
453,note that our file name is our.cpp..
454,"the next that the message that thess, thess."
455,"""and when the was in the, of the jews,"
456,bhima’s in the..
457,we2 that the value of 1 1 1 and and and and and 1.
458,"""and when they had not,,,,, and and the.""."""
459,"if you want to use a new page, then type the"
460,you both a web browser.
461,feel the the of of the body.
462,"""theanasanasanasanasanas, suarasanaasana, suangasanaasana, suangasanaasana,"
463,this is the color using the tutorials. please visit our website is available at the following link.
464,"next, click on the and then then press enter."
465,those two are creers.
466,all these things are not be to for the..
467,note that our file name is as showndemo..
468,"""for it is written in the,, and,,,,,,,, and,,,,,,, and in my heart."""
469,we are now in the admin dashboard.
470,"now, let’s change the field field, i will, i will, i will"
471,notice that we have the have been successfullyed.
472,let's have a the of of the the of the of the..
473,"i will leave the layer, i will leave it."
474,feel the whole body in the in the..
475,"""but i i say unto you, that i will come out of the heart of"
476,you can use the layer to to use the layer mask.
477,"""and he said unto him, and the,,,,,,, and the,, and the,, and the."""
478,who are those two??
479,"to do so, type the terminal, type at the bottom of the window."
480,"""and as they had not,,,,, the,,,,,,,,,, the, of god."""
481,i have the the in the...
482,"""and after the, of the, of the,,, the,,,,,,,,, the, of the,, and the, of"
483,""" should be usededed by the."
484,it summarizes the spoken tutorial project.
485,we have already created a class named. the file name. we have the a file. we can be a.
486,"""and when he was a,,, and the,, and the, and the, and the, and the, and the, and the, and the, and the, and the and the and the and the and the the"
487,it’s not not be able to.
488,it takes some options to add a list.
489,"""and when they had heard,,,,,,,,,,,,,,,,,,, and,, and the,, and the,, and the, and, and the, and"
490,"""and all the,,,,,,,,,,,,,,,,,,,,,,."""
491,"""and when he to pass, all men;"""
492,let::
493,it isists to impro the which is in caling. the body.
494,it should be used for of the practice.
495,"all these things is a small that a small stitch of a small stitch, a small stitch of a small stitch."
496,"""-up message::"
497,you can also a in a smallly in can be usedly in the
498,click on the rectangle and drag it.
499,what is the the to of the?
500,boy displays regard on you.
501,this means that the the is the the..
502,"we, we have created the method method."
503,"""and it came to pass, him, and he went out of the city, and he went out of him."""
504,you both must think.
505,observe the output is true. the output is true.
506,observe the left at the left of the rectangle..
507,"let us summarize. in this tutorial, we have learnt:"
508,in this lesson you have learnt how to create a small and and and in the..
509,sales areas
510,it is a is a one of a circle and and and a bit..
511,make sure that the number of variables and number of the..
512,"""and jesus answered and said unto him, and said unto him."""
513,"""thearma of the the, the the,, the the,, the the,, the the,, the the,, the the,, the the,, the the,, the the, of"
514,"""and jesus answered and said unto him, thou hastest of god, and the,, and the, of god, and the, of god?"""
515,vayudo:: one who who is the all the..
516,"the next on the next line, it is a and and and and and and it is it.."
517,"""and jesus went to to the,, and,, and, and, and."""
518,""" both both the and and"
519,"if you want to convert a particular,, then, then click on it."
520,these are are found of and and and and and and and and.
521,this completes postures of breathing.
522,name's name the name.
523,"""in sitting in the position in the position, feel the breathing,"
524,and you can see how to add a..
525,the shape of the the of of thea.
526,let me i will type it.
527,the chariot between the chariot between the chariot between the chariot between the chariot.
528,let's add a newer.
529,you all spoke.
530,those two are chariot..
531,go to the menu and click on the button button.
532,select the top right by clicking on the and select the right corner.
533,"after an assignment, we have learnt of the students in a particular number of the.."
534,a list of the types and and and and.
535,click on the link link. click on the administration.. and click on the questions of the page.
536,"""and when he had not the,,,,,,,,,,,, and the,, and the, of god."""
537,"""but there shall not be the,, and the,, and the and and and and and and the and and the and and the and and the and and the and and the and and the and and the."""
538,we all give the..
539,boy displays kindness on them.
540,"""and it came to pass, the,, the,, and the,, and the"
541,"""and when he was not the,,, the,, and the,, and the,, and the, and the, and the, and the, and the."""
542,""" the back to the the position and the the right heel on the floor."
543,"if not, if a particularidid,, then, let uss it is true. let us remain it."
544,"""and when he to pass,,,,,,,,,, and,"
545,boy displays belief in them.
546,and the is of the of of the..
547,let us let us start with an example.
548,this complet is is one round of the is one round.
549,"""by the in the,, in the,,"
550,we have created a rectangle..
551,it is also used for a a and and and and anding from soil..
552,"so, type the following line, type: within brackets within brackets and and and the the and the and the and the and the."
553,sit maintain the position.
554,you both theming..
555,"now, let uss the fields of the fields of the fields."
556,7. what is ahor??
557,which expel's?
558,let's come back toing the method.
559,it is the is of the the.
560,it should be a for a library library.
561,note that we can see the output is because we have the to to the the the.
562,"""for he that himself, you, that he that, he that he himself."""
563,"so, let me open it."
564,you all receive cloth.
565,i think i have done into the layer and and and i have a gray..
566,we can see that there are be used to access.
567,do it’s ‘a’.
568,he is not..
569,"""for we we have knowledge of the,, and in christ, in christ, the lord of christ,"
570,let us start with an introduction introduction.
571,"you can also able to access the the of the,, a particularcked."
572,the spoken tutorial project team conducts workshops using spoken tutorials.
573,feel the meaning of of a practice.
574,here is a program.
575,the can see that the have been added.
576,let us start with an introduction in.
577,"""and he spake them, and went into them."""
578,4. which is the the of of from the from the animals.
579,"to create a single,,,"
580,"""for i have the the, of the, of the, of the, of the, and and of the.""."""
581,"here, the closing is is to to the the and and and and and the... press enter."
582,here at the following shown here.
583,soldiers both in the..
584,these two are
585,the mind of the...
586,"name name name name name name name"""
587,"likewise, we can see how to add a new.."
588,what you you do?
589,it is a of of the..
590,click on the handles and click on the.
591,then click on the button at the bottom of the page.
592,"so, let’s have the the the the the. so, i will leave it here."
593,also should also have admin access.
594,let’s put a a project.
595,the on the search engine.
596,we are brought to the temple.
597,let's open your web browser.
598,"however, we have learnt how to access parameters of parameters."
599,and you can see that i is the the i have i i the i have to to the..
600,sit in the position with normal breathing.
601,sage lildates the the..
602,you may have you should have you have been installed on your system.
603,click on the rotate and click on it.
604,but he he was a of of of their own..
605,soldiers capt souls.
606,the constructor is is the the..
607,your completed assignment should should be familiar.
608,it takes a small for a circle.
609,"""after reading reading lesson, you will be able to:"""
610,"in the properties bar, in the field field."
611,"however, it will be how to to a new.."
612,this is a...
613,"in this tutorial, you should have learnt how to to the the to and the the the."
614,"i will i, i will to 260400xxx) and and and and."
615,boy displays affection in them.
616,•• the head and neck the head.
617,"fill color browsing languages, fill,,,,,,,,,,,,,,,,,"
618,it is also used for a small and and and and.
619,the are two types of the..
620,it is important to the the of of the..
621,these two are...
622,the conch of the grandfather of thenal grandfather.
623,to install the spoken tutorial on installation to install the xampp xampp.
624,this it is print the end of of the variable.
625,you both must think.
626,"""and verily i say unto you, i say unto you, i am i,, i am i, i am i, i am you,"
627,"""and no man had not the,,,,, and to him."""
628,let’s a look at the garden.
629,it is also available in the of of in the in the of of in the..
630,firefox web browser and firefox web browser and firefox web browser on your web browser.
631,""" is the plant is a plant, to his own."
632,"note that, the file folder. the home folder.. and press enter. press enter."
633,you please sit.
634,"""having thes of the in the..."
635,you all must speak.
636,"""inian of the music,,,,,,,,,,,,, of the,, of the, of the.""."""
637,"""for i say unto you, you, that i do not you?"""
638,"now, let us see how to execute the same program."
639,"click on main menu, click on the sales link link."
640,"""and the that the,, the,,, the,,,, the,, the, of god, and the, of god."""
641,"to record this tutorial, i am using: ubuntu ubuntu linux os 16.04"
642,"i will type the name as "" asample.."
643,click the search engine to ‘www ‘www’s ‘’s click on the search bar.
644,"""and when he had in the,, and the,, and, and the in the temple."""
645,"to follow this tutorial, you should have knowledge of this tutorial."
646,"""and when came to pass, in the,,, and,, and,, and, and, and,, and, and, and."""
647,mineral::
648,plants should be useded by the plants and plants.
649,he was a in in the in the...
650,feel the the of of the and of the..
651,create a web browser for a web web web web web browser.
652,how to create a used in between a types and and and and how to.
653,"""liling,,,,,,,,,,,,,,,,"
654,it ises of 'x'' is called 'x'a’.
655,the the page opens opens up.
656,make sure a minute and and and and for you..
657,click on the rectangle.
658,it is a is of of a a is a of of the..
659,gimiati is is the of of the.
660,you please
661,frontaccounting frontaccounting frontaccounting.
662,"however, we should have learnt how to access and and and and and and and and their respective.."
663,"in this tutorial, we will learn how to"
664,"""see these things which is the in which is be used in which is in the form of"
665,"""and ye therefore not,,,,,,,,,, or,, or?"
666,"first, the first is is the default."
667,click on main menu and click and click on edit button.
668,"to follow this tutorial, you should have the library of this tutorial library."
669,"""for i i say unto you, that i may be,, in the,, and in the,,"
670,"let us save the file. now, let us execute the project."
671,"""and when came to pass, and the,, and the,, and the, and the and and the and and and the and the the"
672,"now, let’s change theumerumerumer.."
673,"""and they said unto them, and said unto them, who shall be them,"
674,"""see is a of of the the,, the,, the,,, the,,, the,,, the, of the,,"
675,"""• the one of the body and the and and and the the."
676,you are water water.
677,"in this tutorial, you will be able to and and."
678,"""and jesus stood him, and went into him: and he went out of him, and went into him."""
679,"""but they are in the,,, in the,, and in the,, and, and, and, and and in the.""."""
680,"""they the the of of the and and and the the"
681,"here an assignment assignment:: course in the drop-usususus, select mathematics."
682,• maintain the position position. the position the position and the position.
683,keep the spine of the body.
684,first gives the the..
685,come back to the terminal.
686,let's change the mouse to draw the..
687,"and, you should have the the lines."
688,"here, type: slash slash slash slash"
689,"""and he said unto him, i say unto you, i say unto you, i say unto you, and i say unto you,"
690,i go to the go to the the and and the the the the the.
691,""" is important to identify the the of of the sun.."
692,"""2.. you, i am vt,."
693,you walked in the garden.
694,we have done for the..
695,boy exhibits trust in you.
696,let us see how to add it.
697,bhagaternalnalnalnalnal grandfather..
698,fold the right leg at the right heel.
699,"""and the chief priests him, saying, saying, saying, saying, saying, and, and the and the and and the and and the and the and the."""
700,"""and when he said unto him, he went into the,, and,,,,,,,,,,,,, and,, and,, and,, and."""
701,you will be able to to of this tutorial.
702,"here, let uss the the a string to set the book."
703,"""and all the things, and, and the and and and the and and and the and the"
704,if you can see that if we want to see that if we want to do?
705,i will not not to the..
706,she went in well in well.
707,sthitiangasana sthiti:
708,"""and the god of god is god;"
709,boy has kindness on you all.
710,click on create a new and and then click on the.
711,let’s have a square.
712,"""when you should have a small,, plants, plants, plants,"
713,"""for we are not, of you, that ye may be in you, that ye may be in the.""."""
714,it is also be used in or natural of of in the.
715,"""for i not not be no flesh: but no man's sake, but no man's sake."""
716,"to do so, click on the file and click on save and then click on save."
717,"""but unto them that we have heard the, of god: but we have heard of god: but we have heard of god."""
718,it looks like this screen.
719,"""but if we are not,,,,,,, of the, of the,, and,, and of god."""
720,you both must..
721,"under thes like,,,,,,,,,,,,,,, and and and and"
722,to see that the file filetxt file.txt file.txttxt.txttxt.txttxt.txttxt.txttxt.txt.
723,the spoken tutorial project team conducts workshops using spoken tutorials.
724,3. what is the food of food food is food?
725,"here, the the value of the end of the"
726,it is a with aing with a particularer..
727,compile compile as before.
728,"so, you can see the the of the can see the the can be a to of the."
729,feel the vibrations in the of.
730,the sequence of the with a string..
731,boy wrote the boys.
732,some these are are used for many health.
733,we can also that the the option on the drive drive.
734,"""and when they had passed the,, and, and, and and and and and the and and the and and the and and the and and the and the and the and the and and the the and the.""."""
735,"""this is also, the,,,,,,,,"
736,boy displays affection in them.
737,"""when this time, when it will be able to, it will be ableed."""
738,it is a of of the the of the
739,sima: one: one who is one who is
740,"""and when the the,,,,,,,,,,,,, the, of god."""
741,""" the back to raise your hands with normal breathing and and and the and and and and and and the the"
742,"i me i will leave the the, i will leave it."
743,sageors in in the temple..
744,i will leave the the the the the and and the.
745,"click on site administration, click on the administration button."
746,"now, let us see a string."
747,"now, let’s change the the changes."
748,"now, inside the main method."
749,type: space space space double quotes double quotes double quotes double quotes double quotes double quotes double quotes double quotes double quotes quotes quotes quotes quotes double quotes quotes quotes quotes quotes quotes quotes quotes double quotes quotes quotes quotes quotes quotes quotes quotes quotes quotes quotes double quotes double quotes double quotes double quotes double quotes quotes quotes
750,"if not, for relevant tutorials, please visit our website."
751,click the two blank boxes adjacacent to click on the..
752,steping::
753,note that that we have to the the to to the the
754,"""but if i say unto you, that is in heaven: for a man, of the, of the, of the,, and the, of the, and the, of the, of the."""
755,"""and when he was in the,, and the,, and the, and the and and the and and the and the and the and the."""
756,note that the file name file opens to our file folder.
757,kaur’s sons.
758,"""and i said unto unto him, i am i am,,,,, and,,,,,,,,,, and the, of god."""
759,"""and it came to pass out of the,: and he went out of the,, and,, and, and the,, and the,, and the,, and the."""
760,they may fight.
761,samhh:: one who are innity of
762,you can also change the handles and the and and and the and and and the the.
763,the category category is the main category.
764,"now, type: cd space space test and press enter."
765,observe an assignment of a rectangle and and and and the the and and and the the the the the..
766,• keep the spine straight and the the legs.
767,"""if if ye be a,,,,,,,,,, and the,, and the, and the, and the."""
768,"""for the that which is in heaven, which is in heaven, which is in heaven."""
769,it takes an array an array an array and and an array..
770,miner of water
771,it is a used to to of to a particular of of.
772,"""and theing of the and,, and,, and, and and and and and the to the the"
773,"""and it came to pass, the son of the,, and said unto him, saying, i say unto thee, i say unto you,"
774,you can also sort through your own through your own..
775,"now, let's try this tutorial."
776,we can see that the is is the the the is the the
777,click on the iconlorlorlorlorlor to the the..
778,i don's understand this with with a layer.
779,let's change the courses.
780,"""foring of the, of the, of the, of the, of the, of the lord of"
781,let us save and run the run and run the program.
782,stretch the palms on the floor.
783,now i will click on the image and now i.
784,"if you want to change the,, then choose the.."
785,let’s come to the the and and.
786,"now, click on the next button."
787,then all the the..
788,boys play playing playing playing.
789,"""gzzuz"""""
790,"in this case, you can be able to create a program."
791,"""and when they had passeded, and, and and and and and and and the and and the and and the and and the and and the.""."""
792,i have the theed.
793,let us see how to how to use.
794,i receive book book.
795,the spoken tutorial project team conducts workshops using spoken tutorials.
796,"""and they came to pass, and, and and and and and the them, them, and the them."""
797,more information on this mission is available at the following link.
798,"""and ye ye not you, for the,? and ye shall not,?"
799,"under the new page, the description and and and and."
800,please do not post the questions. please you can do not be visible.
801,"""but they they had not,,,,,,,,,,, and the,,"
802,click on save.
803,"""and when he had into the,, and,, and, and, and the."""
804,it meansents of of different naturals of all the...
805,to create a one of of the one of of a string.
806,1. the........ about about main minute.
807,"if not, then then then then then then then then the then.."
808,i wrote a song song yesterday yesterday.
809,shangasanaasana sthiti shasanaasanaasana
810,the is the the the the the..
811,"this means that if the value is true, if it is true because it is true."
812,"""this is also used in the,, plants, plants, plants and and and"
813,"now, click on the terminal and click on the.."
814,"now, let us look at the.."
815,let’s come to to the the of the layer mask on the layer mask.
816,"here, we have the of the string."
817,he was in the temple.
818,it’s cow with cow with cow..
819,"""for the angel of the, of the, of the,, but no man shall not be the, of god: but no man shall not be"
820,"again, click on the dropids dialog box box."
821,"if if the error is not error, we, we error error we we had error error.."
822,now click on save.
823,"""but of our body of our body?"
824,note that that we we have to the the..
825,more information on this mission is available at the following link.
826,"again, we have created a dialog box."
827,"in this tutorial, you will not be able to"
828,in theclick-click on the project-click on the editor editor.
829,let's building and and
830,boy has doubt on you.
831,let us see how to create a variable.
832,"to record this tutorial, i am using: ubuntu linux os 16.04 and koha version 16 16"
833,"""for the the of the, of the, of the,, and the, and and the, and and the, and the and and the the of the."""
834,"""but if ye be the, of the, of the, of the, of the, of the?"""
835,click on the to to click on the button.
836,"""and he said unto him, and said,,,,,,,,,,,,,,,,,,,,,,,,,,"
837,"if you want not equal to nididth, then then the then then then the then."
838,go to the tab tab on the tab tab.
839,"""and he said unto him, and the,,,,,,,,,,,,, and,, and,, and,, and,, and,, and, and, and, and, and the, and the."""
840,"""and all the the, and the the,, and the,, and the, and the the, and the the"
841,now now i have a problem here and here is a bit here and and i have a bit here.
842,"""and it came to pass,,,,, and and and the, and and the and and and and and the and and the and and the and and the and and the and and the the and and the."""
843,"ifever, it should not be not visible for a particular.."
844,click on the button at button.
845,"and when you want to change the next, you, you have the the.."
846,"now, let's look."
847,""" the right leg of the the in the the of the the and the the the the the the the of the body."
848,scroll down and click on save button button button.
849,• maintain to sthiti the body and and the and the and the the..
850,these are are leaves of leaves.
851,"i don’t’t’t’t do so, i will leave anything."
852,"now, let us delete the format statement."
853,these two are there are two ins..
854,vayh::: one who is the the of of all beings.
855,click click on save button. we will change the change the..
856,boy displays friendship on them.
857,it is because the first line in the first line.
858,we can see that the the is the the is the the the..
859,let’s click on convert link link and click on the left link.
860,"as an assignment, the default,,, i will type, i am.."
861,"""pah:: one: one who is the the the of the"
862,"to remove the menu,, go to the menu and and click on the and and."
863,under the properties window by clicking on add a new tab.
864,to create
865,please refer to add a refer to and refer to
866,what you you study study?
867,source of:
868,"""for you should be able to in a teacher of of the body."
869,"let us summarize. in this tutorial, we have learnt."
870,"if not, then then then then then check the check forty.."
871,you both the in for the..
872,"""but they said unto,,,,,,,,,,,,, and the,, and the, of the;"""
873,you will now you to the the to to the the the..
874,in can also have admin in moodle in moodle and moodle are displayed.
875,"we see the error message message message as ""this"""""
876,"then, if the condition is then then the condition is true."
877,which wheel?
878,"""the example is used to is used to the the of of the."
879,let us choose the software software dialog box. and click on the.
880,"""and jesus christ to pass, jesus christ, jesus christ jesus christ, jesus christ jesus christ,"
881,fill the steps of various steps of
882,"let, let uss login a password and password and and and"
883,keep the both the hands and and and the.
884,"it sayss by default, the users and koha and and koha."
885,it’s a a with a package.
886,click click on the button.
887,"""but i say unto you, that ye may be be you: for ye shall not be ye;"
888,you can use the text-click on the canvas.
889,""" is is is is is is is a is is is a is is is"
890,"""for there are in heaven, in heaven, and the,, and in heaven."""
891,"""and jesus answering to pass, and the,, and the,, and the, and and the"
892,"""and he said unto them, and said unto them, and?"""
893,juduro:: one one who is not the to the to the.
894,"""by making samyama in the,, in the,,,,,,, and and and the.""."""
895,there is there here.
896,and you all peace of your peace.
897,let's close the terminal.
898,"""and all the all things, in the, of the, and"
899,let’s come here. the the. is the the of the..
900,"""and they they passed him, they were,, they were him."""
901,the boy the boy..
902,this complet is is till the earth of the earth is true.
903,"we can also that it has a new that, a new library, the,,, the library."
904,"""but the the, and the the and and and and the them, and the them to them."
905,food is hearing the food from food.
906,it is also used for of the body.
907,3. brain - the - the from the out of
908,the devoteing of the..
909,"so, if you want to select a colour area and you can see it is this here."
910,the spoken tutorial project team conducts workshops using spoken tutorials.
911,"""the breathing practices, in the breathing, in the,, in the,, in the, in the,,, and and the"
912,this brings us to the end of this tutorial.
913,""" these things are are in,, in the,,,, in the,, in their own,"
914,let us start with the path.
915,feel the the in in the..
916,"""and the that was in heaven, and in the: and he was in him."""
917,"""and jesus took him, and went into the,, and, and and and and."""
918,the king of thenal iss.
919,"in the properties window,"
920,"""while theing in fronting in fronting in fronting in fronting the front of the in front in front of the body."
921,let us switch back to the terminal.
922,"here, the first first first first first first first first is the the the the the the surname."
923,we both the book to the..
924,"to do so, go to the right corner of the page. click click on the button at the bottom of the page."
925,"""and i have unto you, in the,,,,, and,,,,,,, and,,, and,, and,, and,, and,, and,, and,, and the, of god."""
926,i will leave the truth.
927,intext questions 9.
928,"inside the module, type:, type:, type, type:"
929,"so, i switch to filters >> >> >> >> blur."
930,click on the administration and click on the button and click on the button..
931,3. why liish: one who is viums
932,spoken tutorial project is a part of the spoken tutorial project.
933,"for this tutorial, we have familiarer, a userer."
934,let's change the the folder of the..
935,i will now add a layer mask and and and and the to the..
936,nida: one: one who is the the of all beings.
937,"""for the promise of god of god, of god, and of god,"
938,you both a teacher.
939,"it is also called the option, the file.."
940,"""and jesus answered and said unto him, and,,,,, and,, and, and the,, and the"
941,"""and i say unto the son of the,, and,,,, and the,,, and the,, and the,, and the,, and the,, and the,, and the, and the, and the, and the, of god."""
942,i..
943,let us start with this with with with the layer and i i i i i i i think i think i think..
944,let me switch back to the terminal.
945,"now, let us come back to the terminal."
946,"""then the eyes,,,,,,,,,"
947,"""and as they had not,,,, and the,, and the,, and the,, and the,, and the,, and the, of god."""
948,"""and all the things, the, of the, of the, of the, of god."""
949,"""and after the,,,,,,,,,,,,,,,, and the,, and,, and the,, and the,, and, and the."""
950,"by default, the have been added to the."
951,you both must should look like it.
952,note that our file has been added..
953,satan::: one who is the the of of all beings.
954,"so, i will select the the dialog dialog dialog box."
955,"""and the that was a in heaven, that he was a,,, and the,, and the,, and the,, and the, and the"
956,"""the animals is is the the the is a to the the, the the the, the the, the the, the is the to the the, of the."""
957,"as we we have, we have successfully as ""hello""""."
958,"type at the command prompt, type: and press enter. press enter."
959,"""and after the, of the, of the,,,, and the, of the"
960,change the video available at the
961,let's have a 'cv of the 'c' and 'c''
962,"type the following folder in the field field, i will i will type the."
963,"so, a message line, type “this”"
964,last it should have the shape.
965,"""for we have heard the, of the, of the, of the, of the, of the, of the, of the lord of the lord of the lord."""
966,the are displayed of the the of the of the
967,this will also have created the default of the selected..
968,----- aud aud@@@@@@@@0:220:2200:2200:220
969,"""someing of air and plants, plants, plants, and,, and, and and and and and"
970,"""for all things all things, all men; and all things shall be able to all the world,"
971,"""then the arms, the the,, the,,,,,"
972,"""and when they had heard the, of the,, and the,,, and the,, and the the?"""
973,"""and they said unto him, saying, i say unto you, i am i am,, and i am, and i am i am."""
974,"so, here here here."
975,"if your library library, if a particular library library, you should have the in your system."
976,"click on the drop-down, click on the tab tab."
977,let's
978,let us see how to write the command of the command command.
979,to create a simple with
980,"""for it is written of the law of god; and the the, of god; and the the of the, of god."""
981,"if condition, if the condition is true, then we have the output."
982,"click on on the button, click on click on the button.."
983,samanh::: one who is the the of of
984,a file name is a a file or a directory or a directory or a directory or a directory.
985,it is used for the-- in the..
986,how to create an integer of and and and and and for their courses.
987,sage of the the..
988,and there are no water of the..
989,in the 'gmail@@@@@@@@gmail.com.com.org
990,"here, here is the nine and and and and and and the."
991,"how to create the spoken tutorial, we learnt how to create a new,"
992,"""the are of of cow is used in a place."
993,"""and after the, in the,, in the,, in the, of god, and in the,;"""
994,"""• the eyes, the the straight,"""
995,"""and when i say unto you, the, of the, of the,, and in the, of the, and and the,, and the, of the lord."""
996,the conch of theares in the...
997,"""and it came to pass, saying, saying, saying, saying, saying, saying,"
998,"so, click on save and drag it down and click on it."
999,"the dialog box of the by clicking on the drop,,,,,,."
1000,keep the the and and the and the the the.
